13,1,11,14,15,0,2,10,3,6,4.0,7.0,12.0,8.0,9.0,5.0,,,,,,,,,,,,,,,,,,,,,,,,,,,,,,,,,,,,,,,,,,,,,,,,,,,,,,,,,,,,,,,,,,,,,,,,,,,,,,,,,,,,,,,,,,,,,,,,,,,,,,,,,,,,,,,,,,,,,,,,,,,,,,,,,,,,,,,,,,,,,,,,,,,,,,,,,,,,,,,,,,,,,,,,,,,,,,,,,,,,,,,,,,,,,,,,,,,,,,,,,,,,,,,,,,,,,,,,,,,,,,,,,,,,,,,,,,,,,,,,
2,1,13,15,4,3,8,7,0,6,12.0,9.0,14.0,5.0,11.0,10.0,,,,,,,,,,,,,,,,,,,,,,,,,,,,,,,,,,,,,,,,,,,,,,,,,,,,,,,,,,,,,,,,,,,,,,,,,,,,,,,,,,,,,,,,,,,,,,,,,,,,,,,,,,,,,,,,,,,,,,,,,,,,,,,,,,,,,,,,,,,,,,,,,,,,,,,,,,,,,,,,,,,,,,,,,,,,,,,,,,,,,,,,,,,,,,,,,,,,,,,,,,,,,,,,,,,,,,,,,,,,,,,,,,,,,,,,,,,,,,,,
5,2,26,31,6,3,12,23,9,29,19.0,24.0,13.0,1.0,25.0,17.0,7.0,8.0,0.0,21.0,4.0,27.0,20.0,22.0,16.0,30.0,18.0,28.0,15.0,10.0,14.0,11.0,,,,,,,,,,,,,,,,,,,,,,,,,,,,,,,,,,,,,,,,,,,,,,,,,,,,,,,,,,,,,,,,,,,,,,,,,,,,,,,,,,,,,,,,,,,,,,,,,,,,,,,,,,,,,,,,,,,,,,,,,,,,,,,,,,,,,,,,,,,,,,,,,,,,,,,,,,,,,,,,,,,,,,,,,,,,,,,,,,,,,,,,,,,,,,,,,,,,,,,,,,,,,,,,,,,,,,,,,,,,,,,,
2,5,4,26,0,31,29,27,30,25,24.0,3.0,1.0,11.0,28.0,6.0,8.0,10.0,20.0,21.0,12.0,23.0,14.0,9.0,13.0,19.0,15.0,7.0,17.0,22.0,18.0,16.0,,,,,,,,,,,,,,,,,,,,,,,,,,,,,,,,,,,,,,,,,,,,,,,,,,,,,,,,,,,,,,,,,,,,,,,,,,,,,,,,,,,,,,,,,,,,,,,,,,,,,,,,,,,,,,,,,,,,,,,,,,,,,,,,,,,,,,,,,,,,,,,,,,,,,,,,,,,,,,,,,,,,,,,,,,,,,,,,,,,,,,,,,,,,,,,,,,,,,,,,,,,,,,,,,,,,,,,,,,,,,,,,
38,12,63,60,51,25,62,39,49,44,0.0,47.0,8.0,11.0,46.0,26.0,50.0,20.0,41.0,5.0,58.0,9.0,33.0,45.0,21.0,22.0,55.0,42.0,57.0,24.0,59.0,7.0,61.0,29.0,1.0,54.0,52.0,32.0,53.0,31.0,19.0,6.0,36.0,34.0,13.0,35.0,2.0,10.0,17.0,27.0,23.0,30.0,16.0,43.0,37.0,14.0,40.0,4.0,56.0,3.0,48.0,15.0,18.0,28.0,,,,,,,,,,,,,,,,,,,,,,,,,,,,,,,,,,,,,,,,,,,,,,,,,,,,,,,,,,,,,,,,,,,,,,,,,,,,,,,,,,,,,,,,,,,,,,,,,,,,,,,,,,,,,,,,,,,,,,,,,,,,,,,,,,,,,,,,,,,,,,,,,,,,,,,,,,,,,,,,,,,,,,,,,,,,,,,,,,,,,,,,,,,,,,,,
16,26,15,40,21,18,48,34,41,24,29.0,23.0,37.0,20.0,22.0,5.0,19.0,13.0,45.0,53.0,11.0,28.0,44.0,25.0,27.0,39.0,42.0,0.0,50.0,1.0,49.0,59.0,12.0,10.0,17.0,36.0,51.0,31.0,57.0,61.0,4.0,47.0,62.0,43.0,14.0,33.0,63.0,32.0,46.0,8.0,56.0,55.0,2.0,38.0,60.0,3.0,30.0,52.0,9.0,6.0,35.0,7.0,58.0,54.0,,,,,,,,,,,,,,,,,,,,,,,,,,,,,,,,,,,,,,,,,,,,,,,,,,,,,,,,,,,,,,,,,,,,,,,,,,,,,,,,,,,,,,,,,,,,,,,,,,,,,,,,,,,,,,,,,,,,,,,,,,,,,,,,,,,,,,,,,,,,,,,,,,,,,,,,,,,,,,,,,,,,,,,,,,,,,,,,,,,,,,,,,,,,,,,,
55,81,34,30,26,80,38,103,4,36,77.0,46.0,68.0,89.0,99.0,74.0,43.0,63.0,111.0,59.0,56.0,79.0,85.0,73.0,33.0,58.0,75.0,84.0,101.0,52.0,106.0,60.0,0.0,28.0,32.0,107.0,22.0,51.0,20.0,17.0,66.0,61.0,88.0,54.0,48.0,9.0,45.0,97.0,2.0,53.0,123.0,87.0,50.0,110.0,27.0,29.0,7.0,12.0,5.0,86.0,35.0,105.0,67.0,94.0,42.0,83.0,37.0,8.0,125.0,15.0,25.0,126.0,119.0,3.0,109.0,72.0,62.0,98.0,113.0,69.0,91.0,41.0,76.0,114.0,6.0,64.0,70.0,57.0,47.0,121.0,24.0,115.0,117.0,78.0,104.0,96.0,124.0,39.0,49.0,10.0,1.0,112.0,82.0,102.0,90.0,100.0,65.0,108.0,19.0,120.0,71.0,93.0,21.0,92.0,116.0,14.0,18.0,44.0,118.0,127.0,40.0,23.0,31.0,95.0,16.0,13.0,122.0,11.0,,,,,,,,,,,,,,,,,,,,,,,,,,,,,,,,,,,,,,,,,,,,,,,,,,,,,,,,,,,,,,,,,,,,,,,,,,,,,,,,,,,,,,,,,,,,,,,,,,,,,,,,,,,,,,,,,,,,,,,,,,,,,,,,
93,53,65,90,91,37,51,34,63,77,45.0,67.0,59.0,61.0,89.0,83.0,76.0,70.0,28.0,95.0,66.0,38.0,64.0,85.0,72.0,52.0,74.0,56.0,58.0,84.0,32.0,57.0,86.0,88.0,69.0,79.0,42.0,71.0,40.0,43.0,60.0,114.0,41.0,96.0,123.0,35.0,39.0,36.0,116.0,78.0,27.0,101.0,94.0,120.0,68.0,33.0,75.0,48.0,103.0,87.0,62.0,82.0,54.0,26.0,50.0,31.0,8.0,46.0,49.0,117.0,97.0,99.0,111.0,92.0,98.0,104.0,44.0,30.0,19.0,73.0,81.0,16.0,115.0,102.0,112.0,80.0,100.0,2.0,20.0,18.0,29.0,122.0,0.0,13.0,47.0,55.0,23.0,121.0,125.0,11.0,106.0,7.0,109.0,118.0,17.0,14.0,9.0,119.0,24.0,12.0,10.0,1.0,22.0,25.0,5.0,4.0,15.0,3.0,127.0,108.0,107.0,105.0,6.0,113.0,110.0,126.0,21.0,124.0,,,,,,,,,,,,,,,,,,,,,,,,,,,,,,,,,,,,,,,,,,,,,,,,,,,,,,,,,,,,,,,,,,,,,,,,,,,,,,,,,,,,,,,,,,,,,,,,,,,,,,,,,,,,,,,,,,,,,,,,,,,,,,,,
92,195,192,143,194,165,93,70,145,125,176.0,243.0,121.0,41.0,84.0,144.0,242.0,246.0,216.0,141.0,88.0,151.0,168.0,172.0,90.0,202.0,188.0,66.0,171.0,140.0,191.0,114.0,42.0,135.0,74.0,248.0,130.0,119.0,134.0,160.0,19.0,173.0,126.0,196.0,100.0,94.0,37.0,177.0,43.0,91.0,222.0,69.0,82.0,89.0,40.0,111.0,223.0,142.0,31.0,224.0,203.0,228.0,139.0,238.0,113.0,28.0,227.0,149.0,68.0,239.0,33.0,152.0,73.0,117.0,98.0,122.0,77.0,11.0,132.0,236.0,104.0,18.0,48.0,99.0,170.0,153.0,120.0,101.0,183.0,197.0,65.0,146.0,61.0,118.0,204.0,247.0,62.0,60.0,108.0,71.0,161.0,245.0,81.0,179.0,200.0,64.0,169.0,67.0,219.0,184.0,185.0,186.0,157.0,193.0,127.0,79.0,83.0,76.0,102.0,253.0,17.0,124.0,178.0,137.0,38.0,85.0,34.0,116.0,174.0,109.0,110.0,75.0,23.0,51.0,86.0,133.0,49.0,187.0,150.0,164.0,163.0,115.0,201.0,254.0,58.0,24.0,233.0,128.0,56.0,123.0,218.0,155.0,63.0,181.0,32.0,20.0,175.0,212.0,47.0,237.0,131.0,54.0,167.0,106.0,244.0,148.0,39.0,57.0,206.0,166.0,230.0,22.0,229.0,136.0,14.0,52.0,50.0,154.0,13.0,53.0,205.0,26.0,16.0,7.0,180.0,190.0,30.0,55.0,225.0,255.0,25.0,189.0,72.0,78.0,95.0,0.0,158.0,12.0,231.0,112.0,87.0,241.0,103.0,5.0,182.0,129.0,159.0,162.0,80.0,217.0,59.0,3.0,214.0,105.0,251.0,209.0,107.0,220.0,234.0,96.0,198.0,208.0,29.0,156.0,15.0,252.0,46.0,2.0,138.0,221.0,207.0,8.0,211.0,97.0,213.0,27.0,215.0,226.0,9.0,35.0,199.0,4.0,36.0,250.0,210.0,21.0,147.0,249.0,45.0,1.0,232.0,44.0,6.0,10.0,235.0,240.0
137,127,198,128,140,86,142,133,109,96,77.0,71.0,184.0,180.0,147.0,75.0,82.0,105.0,159.0,148.0,126.0,189.0,193.0,55.0,91.0,157.0,121.0,150.0,136.0,106.0,201.0,188.0,138.0,117.0,107.0,123.0,129.0,116.0,167.0,199.0,178.0,132.0,176.0,131.0,111.0,87.0,108.0,65.0,70.0,125.0,115.0,192.0,56.0,122.0,54.0,97.0,118.0,197.0,190.0,203.0,141.0,112.0,151.0,139.0,84.0,146.0,182.0,152.0,103.0,174.0,95.0,89.0,100.0,61.0,57.0,80.0,124.0,155.0,120.0,76.0,73.0,79.0,119.0,60.0,93.0,160.0,171.0,135.0,81.0,200.0,168.0,179.0,191.0,104.0,143.0,110.0,67.0,166.0,173.0,101.0,177.0,163.0,58.0,156.0,88.0,183.0,52.0,113.0,53.0,59.0,68.0,90.0,134.0,64.0,130.0,99.0,162.0,172.0,240.0,186.0,92.0,66.0,74.0,194.0,62.0,78.0,158.0,210.0,98.0,85.0,72.0,69.0,170.0,51.0,26.0,185.0,144.0,114.0,175.0,181.0,161.0,149.0,63.0,164.0,154.0,208.0,165.0,195.0,169.0,206.0,94.0,204.0,24.0,242.0,102.0,222.0,145.0,196.0,83.0,241.0,40.0,35.0,20.0,231.0,14.0,187.0,34.0,44.0,22.0,235.0,249.0,4.0,202.0,219.0,45.0,28.0,9.0,252.0,243.0,13.0,3.0,153.0,18.0,6.0,1.0,30.0,229.0,19.0,238.0,233.0,7.0,33.0,36.0,211.0,215.0,224.0,225.0,31.0,8.0,39.0,29.0,46.0,245.0,250.0,10.0,217.0,244.0,227.0,41.0,17.0,50.0,48.0,248.0,239.0,223.0,5.0,207.0,254.0,230.0,37.0,220.0,232.0,226.0,218.0,16.0,212.0,228.0,47.0,246.0,49.0,32.0,214.0,2.0,38.0,247.0,11.0,12.0,236.0,237.0,209.0,205.0,251.0,0.0,27.0,15.0,25.0,21.0,255.0,213.0,216.0,43.0,42.0,234.0,23.0,221.0,253.0
7,2,6,3,4,5,0,9,8,1,,,,,,,,,,,,,,,,,,,,,,,,,,,,,,,,,,,,,,,,,,,,,,,,,,,,,,,,,,,,,,,,,,,,,,,,,,,,,,,,,,,,,,,,,,,,,,,,,,,,,,,,,,,,,,,,,,,,,,,,,,,,,,,,,,,,,,,,,,,,,,,,,,,,,,,,,,,,,,,,,,,,,,,,,,,,,,,,,,,,,,,,,,,,,,,,,,,,,,,,,,,,,,,,,,,,,,,,,,,,,,,,,,,,,,,,,,,,,,,,,,,,,,
3,6,4,5,2,7,1,8,9,0,,,,,,,,,,,,,,,,,,,,,,,,,,,,,,,,,,,,,,,,,,,,,,,,,,,,,,,,,,,,,,,,,,,,,,,,,,,,,,,,,,,,,,,,,,,,,,,,,,,,,,,,,,,,,,,,,,,,,,,,,,,,,,,,,,,,,,,,,,,,,,,,,,,,,,,,,,,,,,,,,,,,,,,,,,,,,,,,,,,,,,,,,,,,,,,,,,,,,,,,,,,,,,,,,,,,,,,,,,,,,,,,,,,,,,,,,,,,,,,,,,,,,,
