15,13,1,14,11,2,10,7,12,4,9,3,5,6,0,8,,,,,,,,,,,,,,,,,,,,,,,,,,,,,,,,,,,,,,,,,,,,,,,,,,,,,,,,,,,,,,,,,,,,,,,,,,,,,,,,,,,,,,,,,,,,,,,,,,,,,,,,,,,,,,,,,,,,,,,,,,,,,,,,,,,,,,,,,,,,,,,,,,,,,,,,,,,,,,,,,,,,,,,,,,,,,,,,,,,,,,,,,,,,,,,,,,,,,,,,,,,,,,,,,,,,,,,,,,,,,,,,,,,,,,,,,,,,,,,,
1,2,0,15,4,14,5,3,10,8,7,13,11,12,9,6,,,,,,,,,,,,,,,,,,,,,,,,,,,,,,,,,,,,,,,,,,,,,,,,,,,,,,,,,,,,,,,,,,,,,,,,,,,,,,,,,,,,,,,,,,,,,,,,,,,,,,,,,,,,,,,,,,,,,,,,,,,,,,,,,,,,,,,,,,,,,,,,,,,,,,,,,,,,,,,,,,,,,,,,,,,,,,,,,,,,,,,,,,,,,,,,,,,,,,,,,,,,,,,,,,,,,,,,,,,,,,,,,,,,,,,,,,,,,,,,
5,4,0,30,29,28,27,2,3,1,26,11,15,10,22,19,8.0,9.0,7.0,18.0,24.0,12.0,31.0,17.0,25.0,6.0,16.0,14.0,20.0,21.0,23.0,13.0,,,,,,,,,,,,,,,,,,,,,,,,,,,,,,,,,,,,,,,,,,,,,,,,,,,,,,,,,,,,,,,,,,,,,,,,,,,,,,,,,,,,,,,,,,,,,,,,,,,,,,,,,,,,,,,,,,,,,,,,,,,,,,,,,,,,,,,,,,,,,,,,,,,,,,,,,,,,,,,,,,,,,,,,,,,,,,,,,,,,,,,,,,,,,,,,,,,,,,,,,,,,,,,,,,,,,,,,,,,,,,,,
0,5,29,4,28,3,31,30,6,2,27,1,12,26,8,21,23.0,10.0,11.0,13.0,9.0,24.0,22.0,7.0,14.0,16.0,20.0,18.0,15.0,17.0,25.0,19.0,,,,,,,,,,,,,,,,,,,,,,,,,,,,,,,,,,,,,,,,,,,,,,,,,,,,,,,,,,,,,,,,,,,,,,,,,,,,,,,,,,,,,,,,,,,,,,,,,,,,,,,,,,,,,,,,,,,,,,,,,,,,,,,,,,,,,,,,,,,,,,,,,,,,,,,,,,,,,,,,,,,,,,,,,,,,,,,,,,,,,,,,,,,,,,,,,,,,,,,,,,,,,,,,,,,,,,,,,,,,,,,,
28,53,24,3,61,0,31,49,42,55,59,2,36,63,58,1,12.0,5.0,37.0,6.0,4.0,8.0,45.0,34.0,7.0,11.0,25.0,54.0,18.0,29.0,16.0,51.0,62.0,56.0,15.0,32.0,41.0,44.0,19.0,50.0,10.0,30.0,27.0,52.0,38.0,23.0,17.0,26.0,13.0,21.0,48.0,14.0,33.0,40.0,20.0,57.0,46.0,43.0,9.0,60.0,47.0,35.0,39.0,22.0,,,,,,,,,,,,,,,,,,,,,,,,,,,,,,,,,,,,,,,,,,,,,,,,,,,,,,,,,,,,,,,,,,,,,,,,,,,,,,,,,,,,,,,,,,,,,,,,,,,,,,,,,,,,,,,,,,,,,,,,,,,,,,,,,,,,,,,,,,,,,,,,,,,,,,,,,,,,,,,,,,,,,,,,,,,,,,,,,,,,,,,,,,,,,,,,
45,41,61,44,39,9,56,48,8,43,57,49,13,2,17,18,14.0,55.0,37.0,38.0,33.0,47.0,15.0,40.0,42.0,29.0,46.0,25.0,32.0,31.0,50.0,58.0,28.0,54.0,36.0,51.0,19.0,16.0,53.0,23.0,63.0,34.0,11.0,27.0,26.0,24.0,60.0,20.0,21.0,12.0,6.0,35.0,62.0,4.0,1.0,7.0,5.0,22.0,59.0,52.0,30.0,0.0,10.0,3.0,,,,,,,,,,,,,,,,,,,,,,,,,,,,,,,,,,,,,,,,,,,,,,,,,,,,,,,,,,,,,,,,,,,,,,,,,,,,,,,,,,,,,,,,,,,,,,,,,,,,,,,,,,,,,,,,,,,,,,,,,,,,,,,,,,,,,,,,,,,,,,,,,,,,,,,,,,,,,,,,,,,,,,,,,,,,,,,,,,,,,,,,,,,,,,,,
58,70,41,62,75,55,72,27,54,100,101,26,8,68,94,16,42.0,59.0,56.0,64.0,69.0,63.0,77.0,53.0,73.0,90.0,120.0,103.0,61.0,71.0,6.0,30.0,111.0,105.0,57.0,87.0,25.0,49.0,88.0,48.0,39.0,74.0,21.0,65.0,80.0,123.0,121.0,67.0,104.0,85.0,79.0,115.0,78.0,116.0,127.0,50.0,23.0,109.0,51.0,122.0,89.0,112.0,3.0,22.0,83.0,99.0,10.0,36.0,34.0,32.0,76.0,102.0,98.0,118.0,31.0,93.0,95.0,96.0,13.0,17.0,97.0,106.0,107.0,110.0,47.0,82.0,108.0,28.0,114.0,84.0,52.0,29.0,37.0,5.0,86.0,9.0,11.0,4.0,18.0,40.0,38.0,2.0,0.0,113.0,1.0,24.0,125.0,81.0,35.0,15.0,19.0,119.0,91.0,33.0,44.0,45.0,12.0,43.0,7.0,66.0,60.0,126.0,124.0,117.0,46.0,14.0,92.0,20.0,,,,,,,,,,,,,,,,,,,,,,,,,,,,,,,,,,,,,,,,,,,,,,,,,,,,,,,,,,,,,,,,,,,,,,,,,,,,,,,,,,,,,,,,,,,,,,,,,,,,,,,,,,,,,,,,,,,,,,,,,,,,,,,,
37,72,89,81,84,85,57,75,91,94,54,70,69,56,96,43,97.0,60.0,45.0,87.0,59.0,58.0,55.0,64.0,92.0,40.0,73.0,39.0,52.0,100.0,65.0,98.0,35.0,93.0,36.0,76.0,68.0,104.0,88.0,77.0,28.0,31.0,47.0,46.0,80.0,51.0,82.0,83.0,30.0,42.0,118.0,32.0,101.0,79.0,113.0,29.0,99.0,41.0,71.0,1.0,26.0,124.0,121.0,103.0,24.0,61.0,67.0,49.0,38.0,125.0,74.0,53.0,27.0,109.0,48.0,90.0,33.0,66.0,10.0,86.0,62.0,34.0,44.0,14.0,111.0,120.0,63.0,105.0,102.0,25.0,119.0,126.0,50.0,13.0,6.0,123.0,114.0,106.0,15.0,78.0,12.0,122.0,5.0,0.0,22.0,7.0,23.0,2.0,3.0,110.0,116.0,127.0,18.0,17.0,95.0,8.0,117.0,9.0,108.0,19.0,107.0,20.0,4.0,115.0,16.0,11.0,112.0,21.0,,,,,,,,,,,,,,,,,,,,,,,,,,,,,,,,,,,,,,,,,,,,,,,,,,,,,,,,,,,,,,,,,,,,,,,,,,,,,,,,,,,,,,,,,,,,,,,,,,,,,,,,,,,,,,,,,,,,,,,,,,,,,,,,
161,148,116,87,242,74,143,109,123,96,208,164,133,131,196,44,255.0,153.0,163.0,245.0,124.0,120.0,32.0,210.0,230.0,226.0,5.0,33.0,250.0,122.0,132.0,55.0,155.0,57.0,112.0,175.0,201.0,194.0,86.0,225.0,17.0,188.0,94.0,170.0,217.0,77.0,173.0,183.0,185.0,142.0,240.0,177.0,150.0,82.0,64.0,89.0,73.0,8.0,125.0,147.0,107.0,227.0,21.0,182.0,76.0,104.0,231.0,149.0,171.0,0.0,16.0,121.0,71.0,98.0,108.0,145.0,244.0,139.0,137.0,172.0,254.0,128.0,130.0,235.0,40.0,186.0,15.0,29.0,35.0,221.0,52.0,114.0,103.0,237.0,222.0,146.0,154.0,25.0,115.0,7.0,169.0,212.0,62.0,181.0,2.0,192.0,80.0,13.0,34.0,144.0,216.0,92.0,252.0,156.0,3.0,101.0,209.0,26.0,140.0,102.0,195.0,56.0,202.0,234.0,93.0,85.0,198.0,184.0,113.0,232.0,81.0,49.0,206.0,207.0,23.0,236.0,39.0,167.0,241.0,243.0,48.0,178.0,46.0,251.0,180.0,158.0,160.0,105.0,205.0,59.0,253.0,152.0,41.0,165.0,215.0,19.0,28.0,54.0,69.0,214.0,70.0,45.0,213.0,75.0,248.0,95.0,157.0,110.0,66.0,79.0,14.0,238.0,43.0,224.0,138.0,211.0,67.0,199.0,30.0,38.0,78.0,6.0,72.0,247.0,60.0,239.0,119.0,204.0,166.0,141.0,88.0,118.0,50.0,228.0,127.0,136.0,63.0,117.0,218.0,151.0,65.0,187.0,1.0,37.0,219.0,134.0,233.0,106.0,31.0,11.0,200.0,246.0,18.0,189.0,42.0,68.0,61.0,168.0,99.0,58.0,22.0,197.0,229.0,53.0,220.0,4.0,111.0,162.0,27.0,193.0,190.0,203.0,176.0,179.0,36.0,223.0,174.0,24.0,91.0,100.0,97.0,9.0,135.0,126.0,20.0,10.0,84.0,51.0,159.0,90.0,47.0,191.0,83.0,129.0,249.0,12.0
67,213,33,206,57,222,212,54,42,40,155,50,90,245,69,235,7.0,21.0,51.0,13.0,168.0,246.0,204.0,202.0,185.0,167.0,80.0,77.0,18.0,11.0,207.0,4.0,190.0,186.0,29.0,226.0,200.0,180.0,23.0,87.0,205.0,58.0,32.0,210.0,214.0,2.0,225.0,247.0,175.0,250.0,217.0,178.0,34.0,100.0,14.0,35.0,83.0,81.0,239.0,27.0,85.0,243.0,160.0,227.0,9.0,71.0,46.0,82.0,220.0,73.0,86.0,22.0,28.0,176.0,192.0,181.0,249.0,37.0,15.0,188.0,254.0,76.0,253.0,191.0,169.0,94.0,3.0,165.0,93.0,177.0,91.0,88.0,59.0,26.0,241.0,224.0,31.0,170.0,10.0,49.0,48.0,244.0,24.0,221.0,61.0,38.0,99.0,171.0,1.0,79.0,92.0,63.0,248.0,194.0,39.0,196.0,215.0,231.0,96.0,255.0,157.0,70.0,216.0,36.0,174.0,240.0,55.0,251.0,193.0,201.0,98.0,187.0,25.0,16.0,184.0,236.0,211.0,161.0,237.0,233.0,74.0,95.0,197.0,97.0,78.0,183.0,232.0,238.0,195.0,199.0,6.0,44.0,182.0,158.0,203.0,0.0,75.0,66.0,68.0,62.0,72.0,30.0,242.0,173.0,252.0,60.0,172.0,45.0,223.0,52.0,101.0,179.0,209.0,198.0,156.0,12.0,189.0,84.0,219.0,229.0,53.0,43.0,5.0,41.0,17.0,56.0,208.0,166.0,19.0,162.0,159.0,230.0,234.0,64.0,218.0,65.0,8.0,47.0,164.0,163.0,154.0,20.0,228.0,89.0,153.0,126.0,114.0,150.0,140.0,107.0,122.0,102.0,146.0,136.0,127.0,128.0,119.0,121.0,145.0,139.0,123.0,130.0,111.0,149.0,125.0,105.0,113.0,131.0,141.0,106.0,138.0,115.0,144.0,132.0,110.0,135.0,117.0,103.0,112.0,116.0,129.0,108.0,152.0,109.0,124.0,120.0,147.0,133.0,148.0,118.0,104.0,137.0,143.0,142.0,134.0,151.0
8,10,2,11,0,15,3,14,9,12,1,16,4,13,19,7,18.0,5.0,6.0,17.0,,,,,,,,,,,,,,,,,,,,,,,,,,,,,,,,,,,,,,,,,,,,,,,,,,,,,,,,,,,,,,,,,,,,,,,,,,,,,,,,,,,,,,,,,,,,,,,,,,,,,,,,,,,,,,,,,,,,,,,,,,,,,,,,,,,,,,,,,,,,,,,,,,,,,,,,,,,,,,,,,,,,,,,,,,,,,,,,,,,,,,,,,,,,,,,,,,,,,,,,,,,,,,,,,,,,,,,,,,,,,,,,,,,,,,,,,,,,
9,13,11,7,8,4,5,10,15,12,2,6,14,16,3,17,18.0,1.0,0.0,19.0,,,,,,,,,,,,,,,,,,,,,,,,,,,,,,,,,,,,,,,,,,,,,,,,,,,,,,,,,,,,,,,,,,,,,,,,,,,,,,,,,,,,,,,,,,,,,,,,,,,,,,,,,,,,,,,,,,,,,,,,,,,,,,,,,,,,,,,,,,,,,,,,,,,,,,,,,,,,,,,,,,,,,,,,,,,,,,,,,,,,,,,,,,,,,,,,,,,,,,,,,,,,,,,,,,,,,,,,,,,,,,,,,,,,,,,,,,,,
